{
    "name": "Keyless gestor de clientes",
    "api_id": "keyless-gestor-clientes",
    "org_id": "default",
    "definition": {
        "location": "header",
        "key": "version"
    },
    "use_keyless": true,
    "version_data": {
        "not_versioned": true,
        "versions": {
            "Default": {
                "name": "Default"
            }
        }
    },
    "proxy": {
        "listen_path": "/gestor-clientes/",
        "target_url": "http://gestor-clientes:8000/",
        "strip_listen_path": true
    },
    "CORS": {
        "enable": true,
        "allowed_methods": [
            "GET",
            "POST",
            "PUT",
            "DELETE",
            "HEAD",
            "OPTIONS"
        ],
        "allowed_headers": [
            "Origin",
            "Accept",
            "Content-Type",
            "X-Requested-With",
            "Authorization"
        ],
        "exposed_headers": [],
        "allow_credentials": false,
        "max_age": 24,
        "options_passthrough": false,
        "debug": false
    }
}