{
    "358-03-3258": [
        {
            "amount": 6867,
            "transaction_type": "pagina-web",
            "status": "DECLINED",
            "creation_date": "15/12/2025 00:00:00",
            "transaction_id": "8c676697d00944f4afb4602a06c82eed",
            "source": "openpay"
        }
    ],
    "261-21-5605": [
        {
            "amount": 3570,
            "transaction_type": "transferencia",
            "status": "PENDING",
            "creation_date": "15/12/2025 00:00:00",
            "transaction_id": "d925b7b097e5417bbf8de799f478b3b4",
            "source": "paypal"
        },
        {
            "amount": 3975,
            "transaction_type": "pagina-web",
            "status": "PENDING",
            "creation_date": "15/12/2025 00:00:00",
            "transaction_id": "9ad4d348ccc3401ead315f2a19e9c634",
            "source": "conekta"
        },
        {
            "amount": 6963,
            "transaction_type": "aplicacion",
            "status": "COMPLETED",
            "creation_date": "15/12/2025 00:00:00",
            "transaction_id": "3e3ab80ed51f423fbc30cafdb2455afa",
            "source": "openpay"
        },
        {
            "amount": 7235,
            "transaction_type": "aplicacion",
            "status": "COMPLETED",
            "creation_date": "15/12/2025 00:00:00",
            "transaction_id": "e5be3921449747e1bcecf5cd256bab14",
            "source": "mercado-pago"
        },
        {
            "amount": 2589,
            "transaction_type": "transferencia",
            "status": "IN-PROGRESS",
            "creation_date": "15/12/2025 00:00:00",
            "transaction_id": "8255b6fb8eaf4387ba19dc75ed3cdb8e",
            "source": "mercado-pago"
        }
    ],
    "072-55-9109": [],
    "271-33-7622": [
        {
            "amount": 3550,
            "transaction_type": "pagina-web",
            "status": "DECLINED",
            "creation_date": "15/12/2025 00:00:00",
            "transaction_id": "24b9f0469277479b85821e2dddfd3157",
            "source": "mercado-pago"
        },
        {
            "amount": 6149,
            "transaction_type": "pagina-web",
            "status": "COMPLETED",
            "creation_date": "15/12/2025 00:00:00",
            "transaction_id": "e32e8420507647f4a492543dd369bdf3",
            "source": "openpay"
        },
        {
            "amount": 6618,
            "transaction_type": "aplicacion",
            "status": "IN-PROGRESS",
            "creation_date": "15/12/2025 00:00:00",
            "transaction_id": "9e0f4be6cd3e43a99c712a0376fb74d1",
            "source": "paypal"
        },
        {
            "amount": 4227,
            "transaction_type": "aplicacion",
            "status": "PENDING",
            "creation_date": "15/12/2025 00:00:00",
            "transaction_id": "d31af524f9784fc688ad674a902caebd",
            "source": "conekta"
        },
        {
            "amount": 5353,
            "transaction_type": "pagina-web",
            "status": "DECLINED",
            "creation_date": "15/12/2025 00:00:00",
            "transaction_id": "b468fab13ab94f4982d3aa2f2cc7080b",
            "source": "conekta"
        },
        {
            "amount": 5632,
            "transaction_type": "transferencia",
            "status": "IN-PROGRESS",
            "creation_date": "15/12/2025 00:00:00",
            "transaction_id": "4ba6b18c3c9a418690edd48f7f58373b",
            "source": "mercado-pago"
        }
    ],
    "189-74-7860": [
        {
            "amount": 5062,
            "transaction_type": "aplicacion",
            "status": "IN-PROGRESS",
            "creation_date": "15/12/2025 00:00:00",
            "transaction_id": "6f093e684b634323962182523d4fe838",
            "source": "openpay"
        },
        {
            "amount": 6311,
            "transaction_type": "pagina-web",
            "status": "IN-PROGRESS",
            "creation_date": "15/12/2025 00:00:00",
            "transaction_id": "5ace60d4060a41419b72f9651ba23036",
            "source": "mercado-pago"
        },
        {
            "amount": 6168,
            "transaction_type": "transferencia",
            "status": "PENDING",
            "creation_date": "15/12/2025 00:00:00",
            "transaction_id": "3adc725e81844a4c93cd820f4b35cda5",
            "source": "paypal"
        },
        {
            "amount": 7939,
            "transaction_type": "pagina-web",
            "status": "COMPLETED",
            "creation_date": "15/12/2025 00:00:00",
            "transaction_id": "43843e4d5b274e18a8332e53d6fa0978",
            "source": "openpay"
        },
        {
            "amount": 5653,
            "transaction_type": "aplicacion",
            "status": "COMPLETED",
            "creation_date": "15/12/2025 00:00:00",
            "transaction_id": "dfab32386c2248368749bb109f112f6d",
            "source": "paypal"
        },
        {
            "amount": 5964,
            "transaction_type": "pagina-web",
            "status": "DECLINED",
            "creation_date": "15/12/2025 00:00:00",
            "transaction_id": "3ec990762edb4a9ea41cce7d4d8e1760",
            "source": "mercado-pago"
        },
        {
            "amount": 7262,
            "transaction_type": "pagina-web",
            "status": "IN-PROGRESS",
            "creation_date": "15/12/2025 00:00:00",
            "transaction_id": "93597497769248169bd2b89359ae584f",
            "source": "conekta"
        },
        {
            "amount": 3760,
            "transaction_type": "pagina-web",
            "status": "IN-PROGRESS",
            "creation_date": "15/12/2025 00:00:00",
            "transaction_id": "cdd26bb838ad44e78f0333f684db0b3b",
            "source": "mercado-pago"
        }
    ],
    "511-02-7301": [
        {
            "amount": 4473,
            "transaction_type": "pagina-web",
            "status": "IN-PROGRESS",
            "creation_date": "15/12/2025 00:00:00",
            "transaction_id": "d2927c81325f4035940244dd7f4f25fb",
            "source": "openpay"
        },
        {
            "amount": 3227,
            "transaction_type": "transferencia",
            "status": "IN-PROGRESS",
            "creation_date": "15/12/2025 00:00:00",
            "transaction_id": "2b4d7183bc33424bb83249863d935045",
            "source": "paypal"
        },
        {
            "amount": 3386,
            "transaction_type": "transferencia",
            "status": "IN-PROGRESS",
            "creation_date": "15/12/2025 00:00:00",
            "transaction_id": "51b95dfff0e242889514baeb08378186",
            "source": "mercado-pago"
        },
        {
            "amount": 7466,
            "transaction_type": "pagina-web",
            "status": "DECLINED",
            "creation_date": "15/12/2025 00:00:00",
            "transaction_id": "239e8d3f858147aeac73e94076dc0007",
            "source": "mercado-pago"
        }
    ],
    "375-81-6973": [
        {
            "amount": 3091,
            "transaction_type": "aplicacion",
            "status": "DECLINED",
            "creation_date": "15/12/2025 00:00:00",
            "transaction_id": "ec2a28566472492185d13ef0af6d3df3",
            "source": "openpay"
        },
        {
            "amount": 3668,
            "transaction_type": "transferencia",
            "status": "COMPLETED",
            "creation_date": "15/12/2025 00:00:00",
            "transaction_id": "ce236673fde44eea8a5c7c73b3a27aac",
            "source": "mercado-pago"
        },
        {
            "amount": 5366,
            "transaction_type": "transferencia",
            "status": "IN-PROGRESS",
            "creation_date": "15/12/2025 00:00:00",
            "transaction_id": "4de4bc98e2f84a3f90ca9149ea7ec77a",
            "source": "mercado-pago"
        },
        {
            "amount": 3580,
            "transaction_type": "transferencia",
            "status": "COMPLETED",
            "creation_date": "15/12/2025 00:00:00",
            "transaction_id": "6c5e8bebb8df402884f2f0409bcf4edb",
            "source": "mercado-pago"
        },
        {
            "amount": 7203,
            "transaction_type": "aplicacion",
            "status": "DECLINED",
            "creation_date": "15/12/2025 00:00:00",
            "transaction_id": "f8c7dcaf5b1748e496359c0ffa4a4ec9",
            "source": "mercado-pago"
        },
        {
            "amount": 6209,
            "transaction_type": "aplicacion",
            "status": "COMPLETED",
            "creation_date": "15/12/2025 00:00:00",
            "transaction_id": "b1bd9cd382874b4e8f132c68e2aade08",
            "source": "conekta"
        },
        {
            "amount": 3558,
            "transaction_type": "aplicacion",
            "status": "COMPLETED",
            "creation_date": "15/12/2025 00:00:00",
            "transaction_id": "93587af65e624839941bcefface34a38",
            "source": "paypal"
        },
        {
            "amount": 7866,
            "transaction_type": "aplicacion",
            "status": "DECLINED",
            "creation_date": "15/12/2025 00:00:00",
            "transaction_id": "c735b05028c345378e5e853d7393e941",
            "source": "openpay"
        },
        {
            "amount": 4268,
            "transaction_type": "transferencia",
            "status": "DECLINED",
            "creation_date": "15/12/2025 00:00:00",
            "transaction_id": "a029c29c5dd9499c827d10358c1a031b",
            "source": "mercado-pago"
        },
        {
            "amount": 3793,
            "transaction_type": "aplicacion",
            "status": "PENDING",
            "creation_date": "15/12/2025 00:00:00",
            "transaction_id": "ea25100902014f3094436a1b4f673ea9",
            "source": "paypal"
        }
    ],
    "543-67-6495": [
        {
            "amount": 4207,
            "transaction_type": "pagina-web",
            "status": "COMPLETED",
            "creation_date": "15/12/2025 00:00:00",
            "transaction_id": "3cdf1cd88f6b46c18b0c68b7e7eeb110",
            "source": "openpay"
        },
        {
            "amount": 5925,
            "transaction_type": "aplicacion",
            "status": "PENDING",
            "creation_date": "15/12/2025 00:00:00",
            "transaction_id": "c5955bc4ee4640c48dca8c9003881598",
            "source": "conekta"
        },
        {
            "amount": 4255,
            "transaction_type": "transferencia",
            "status": "DECLINED",
            "creation_date": "15/12/2025 00:00:00",
            "transaction_id": "f1a9263a745e42bcac287dbe87b67e36",
            "source": "paypal"
        },
        {
            "amount": 6746,
            "transaction_type": "pagina-web",
            "status": "DECLINED",
            "creation_date": "15/12/2025 00:00:00",
            "transaction_id": "52072febdfa84ac9bc110e1f0c19c05a",
            "source": "openpay"
        }
    ],
    "441-58-9042": [
        {
            "amount": 6523,
            "transaction_type": "pagina-web",
            "status": "PENDING",
            "creation_date": "15/12/2025 00:00:00",
            "transaction_id": "996ce13c12f545d6b7203180b68e3c8c",
            "source": "openpay"
        },
        {
            "amount": 6835,
            "transaction_type": "transferencia",
            "status": "PENDING",
            "creation_date": "15/12/2025 00:00:00",
            "transaction_id": "f67859d286ac4772a689e9155d1b14e8",
            "source": "paypal"
        },
        {
            "amount": 6085,
            "transaction_type": "pagina-web",
            "status": "IN-PROGRESS",
            "creation_date": "15/12/2025 00:00:00",
            "transaction_id": "cf3c346f7dab40fe9951db11277f254b",
            "source": "paypal"
        },
        {
            "amount": 6863,
            "transaction_type": "aplicacion",
            "status": "DECLINED",
            "creation_date": "15/12/2025 00:00:00",
            "transaction_id": "ba70fd68fb2e4e62a3362d00263e8316",
            "source": "mercado-pago"
        },
        {
            "amount": 4331,
            "transaction_type": "pagina-web",
            "status": "IN-PROGRESS",
            "creation_date": "15/12/2025 00:00:00",
            "transaction_id": "db9f2b477dc343ddb731c36a7e822457",
            "source": "mercado-pago"
        },
        {
            "amount": 5049,
            "transaction_type": "pagina-web",
            "status": "PENDING",
            "creation_date": "15/12/2025 00:00:00",
            "transaction_id": "40a8b2a3fbaf4ad1b554390e8c18a7e8",
            "source": "conekta"
        },
        {
            "amount": 6512,
            "transaction_type": "pagina-web",
            "status": "DECLINED",
            "creation_date": "15/12/2025 00:00:00",
            "transaction_id": "d8ba19c9bacb478d804bc56ded870a08",
            "source": "mercado-pago"
        },
        {
            "amount": 4816,
            "transaction_type": "transferencia",
            "status": "IN-PROGRESS",
            "creation_date": "15/12/2025 00:00:00",
            "transaction_id": "a1fd01fb7c514164aba0c12ff0c5a211",
            "source": "openpay"
        },
        {
            "amount": 7209,
            "transaction_type": "pagina-web",
            "status": "PENDING",
            "creation_date": "15/12/2025 00:00:00",
            "transaction_id": "a6cf026df8ff4396a06a4567684169dd",
            "source": "conekta"
        },
        {
            "amount": 3302,
            "transaction_type": "transferencia",
            "status": "DECLINED",
            "creation_date": "15/12/2025 00:00:00",
            "transaction_id": "987b5fe809a74ffd8e0b5d7d9b111693",
            "source": "openpay"
        }
    ],
    "019-32-9995": [
        {
            "amount": 7502,
            "transaction_type": "aplicacion",
            "status": "PENDING",
            "creation_date": "15/12/2025 00:00:00",
            "transaction_id": "ce0dded6782b41839b49d6784a5bca0f",
            "source": "openpay"
        },
        {
            "amount": 6673,
            "transaction_type": "pagina-web",
            "status": "DECLINED",
            "creation_date": "15/12/2025 00:00:00",
            "transaction_id": "508c97ea48ee49caa3af2c70f9af2811",
            "source": "openpay"
        },
        {
            "amount": 2518,
            "transaction_type": "transferencia",
            "status": "IN-PROGRESS",
            "creation_date": "15/12/2025 00:00:00",
            "transaction_id": "1326e78e5eb946ffb3af422dc27e2d1f",
            "source": "mercado-pago"
        },
        {
            "amount": 4763,
            "transaction_type": "aplicacion",
            "status": "COMPLETED",
            "creation_date": "15/12/2025 00:00:00",
            "transaction_id": "f3b6189ab1844d57b48063cf7ea4452e",
            "source": "mercado-pago"
        },
        {
            "amount": 5462,
            "transaction_type": "aplicacion",
            "status": "PENDING",
            "creation_date": "15/12/2025 00:00:00",
            "transaction_id": "14fccc46a86340b3b9b55de0db5c077f",
            "source": "conekta"
        }
    ],
    "416-30-3494": [
        {
            "amount": 3668,
            "transaction_type": "aplicacion",
            "status": "COMPLETED",
            "creation_date": "15/12/2025 00:00:00",
            "transaction_id": "d8cd0c95b5c0481386d822beba30d01b",
            "source": "openpay"
        },
        {
            "amount": 5078,
            "transaction_type": "transferencia",
            "status": "PENDING",
            "creation_date": "15/12/2025 00:00:00",
            "transaction_id": "7f96309a055344ef8cddd36781fe73f4",
            "source": "conekta"
        },
        {
            "amount": 5461,
            "transaction_type": "pagina-web",
            "status": "IN-PROGRESS",
            "creation_date": "15/12/2025 00:00:00",
            "transaction_id": "47a8b85b6ef644829717b760709d7645",
            "source": "openpay"
        },
        {
            "amount": 5167,
            "transaction_type": "aplicacion",
            "status": "PENDING",
            "creation_date": "15/12/2025 00:00:00",
            "transaction_id": "85e74383c06c41feae7c844bef09e282",
            "source": "paypal"
        },
        {
            "amount": 7657,
            "transaction_type": "aplicacion",
            "status": "DECLINED",
            "creation_date": "15/12/2025 00:00:00",
            "transaction_id": "68cf217cb0ef486dac5f791973763dde",
            "source": "mercado-pago"
        },
        {
            "amount": 3876,
            "transaction_type": "transferencia",
            "status": "PENDING",
            "creation_date": "15/12/2025 00:00:00",
            "transaction_id": "08c71151c74e40ad81bb8060d8318dbf",
            "source": "paypal"
        },
        {
            "amount": 6320,
            "transaction_type": "aplicacion",
            "status": "DECLINED",
            "creation_date": "15/12/2025 00:00:00",
            "transaction_id": "194759c25aca49f593cb0de3cbac8e6f",
            "source": "mercado-pago"
        }
    ],
    "182-12-6831": [
        {
            "amount": 7123,
            "transaction_type": "pagina-web",
            "status": "IN-PROGRESS",
            "creation_date": "15/12/2025 00:00:00",
            "transaction_id": "7ebc74590a404779bbac669fedb50009",
            "source": "conekta"
        },
        {
            "amount": 4995,
            "transaction_type": "transferencia",
            "status": "COMPLETED",
            "creation_date": "15/12/2025 00:00:00",
            "transaction_id": "6d153fa9df1c41c0b19871edeed7f7db",
            "source": "conekta"
        },
        {
            "amount": 6538,
            "transaction_type": "aplicacion",
            "status": "IN-PROGRESS",
            "creation_date": "15/12/2025 00:00:00",
            "transaction_id": "4ddfd454498c49d2b0725441033adcf7",
            "source": "openpay"
        }
    ],
    "337-01-6318": [
        {
            "amount": 6169,
            "transaction_type": "aplicacion",
            "status": "DECLINED",
            "creation_date": "15/12/2025 00:00:00",
            "transaction_id": "90af4e1c75a6447ba64ae313f8a60bba",
            "source": "conekta"
        },
        {
            "amount": 6753,
            "transaction_type": "pagina-web",
            "status": "COMPLETED",
            "creation_date": "15/12/2025 00:00:00",
            "transaction_id": "16595de613e04cdb8b2e777fc01a7c03",
            "source": "openpay"
        },
        {
            "amount": 3164,
            "transaction_type": "aplicacion",
            "status": "DECLINED",
            "creation_date": "15/12/2025 00:00:00",
            "transaction_id": "8dce65fb00bc4c2c9fa80d38fa0ad730",
            "source": "mercado-pago"
        },
        {
            "amount": 4642,
            "transaction_type": "aplicacion",
            "status": "COMPLETED",
            "creation_date": "15/12/2025 00:00:00",
            "transaction_id": "08aacd7a37944dffbebfa740cf3f8584",
            "source": "paypal"
        }
    ],
    "252-07-0908": [
        {
            "amount": 5135,
            "transaction_type": "transferencia",
            "status": "PENDING",
            "creation_date": "15/12/2025 00:00:00",
            "transaction_id": "68c66d560d0a46d5ad4d1ded67b84ee2",
            "source": "mercado-pago"
        },
        {
            "amount": 3764,
            "transaction_type": "transferencia",
            "status": "IN-PROGRESS",
            "creation_date": "15/12/2025 00:00:00",
            "transaction_id": "7e2da3a06d41450697b9ad354e73bc75",
            "source": "paypal"
        },
        {
            "amount": 6366,
            "transaction_type": "aplicacion",
            "status": "PENDING",
            "creation_date": "15/12/2025 00:00:00",
            "transaction_id": "35e43062efef4eba97e9d2293420a456",
            "source": "paypal"
        },
        {
            "amount": 7927,
            "transaction_type": "aplicacion",
            "status": "DECLINED",
            "creation_date": "15/12/2025 00:00:00",
            "transaction_id": "7637f64cc7054bafb8b4476a1c83bfc2",
            "source": "openpay"
        },
        {
            "amount": 5350,
            "transaction_type": "transferencia",
            "status": "PENDING",
            "creation_date": "15/12/2025 00:00:00",
            "transaction_id": "5671282daa5e46bcabc7a827f4627520",
            "source": "mercado-pago"
        },
        {
            "amount": 7430,
            "transaction_type": "aplicacion",
            "status": "IN-PROGRESS",
            "creation_date": "15/12/2025 00:00:00",
            "transaction_id": "a4539363fda44320a7e85c4e6cd19e50",
            "source": "openpay"
        },
        {
            "amount": 3259,
            "transaction_type": "pagina-web",
            "status": "COMPLETED",
            "creation_date": "15/12/2025 00:00:00",
            "transaction_id": "974b60504c654049bbddaf97b316f738",
            "source": "paypal"
        },
        {
            "amount": 4279,
            "transaction_type": "transferencia",
            "status": "DECLINED",
            "creation_date": "15/12/2025 00:00:00",
            "transaction_id": "71cc1d637d5b40b8a815ff88976bad31",
            "source": "conekta"
        },
        {
            "amount": 6521,
            "transaction_type": "transferencia",
            "status": "DECLINED",
            "creation_date": "15/12/2025 00:00:00",
            "transaction_id": "889eca710cce45b88ae8845bb279a1bf",
            "source": "paypal"
        }
    ],
    "286-33-4978": [
        {
            "amount": 4392,
            "transaction_type": "transferencia",
            "status": "DECLINED",
            "creation_date": "15/12/2025 00:00:00",
            "transaction_id": "dbf747ff4714459db39de0b75db37854",
            "source": "mercado-pago"
        },
        {
            "amount": 5115,
            "transaction_type": "pagina-web",
            "status": "IN-PROGRESS",
            "creation_date": "15/12/2025 00:00:00",
            "transaction_id": "14833eac157d420d9212aa666105ded4",
            "source": "conekta"
        },
        {
            "amount": 4502,
            "transaction_type": "transferencia",
            "status": "IN-PROGRESS",
            "creation_date": "15/12/2025 00:00:00",
            "transaction_id": "3d18810c2012467aa753da877b3184ac",
            "source": "openpay"
        },
        {
            "amount": 6139,
            "transaction_type": "transferencia",
            "status": "COMPLETED",
            "creation_date": "15/12/2025 00:00:00",
            "transaction_id": "c0ae982456194089b4db798d1fc7e72f",
            "source": "mercado-pago"
        },
        {
            "amount": 7524,
            "transaction_type": "pagina-web",
            "status": "DECLINED",
            "creation_date": "15/12/2025 00:00:00",
            "transaction_id": "e88a640174494a27a4563f53af2e78cb",
            "source": "paypal"
        }
    ],
    "839-67-0167": [
        {
            "amount": 3517,
            "transaction_type": "transferencia",
            "status": "IN-PROGRESS",
            "creation_date": "15/12/2025 00:00:00",
            "transaction_id": "813387f2beb24139a9fda3d81357ffac",
            "source": "paypal"
        },
        {
            "amount": 3314,
            "transaction_type": "pagina-web",
            "status": "COMPLETED",
            "creation_date": "15/12/2025 00:00:00",
            "transaction_id": "e3753ce882704aca81f58175f294866a",
            "source": "mercado-pago"
        },
        {
            "amount": 2939,
            "transaction_type": "transferencia",
            "status": "IN-PROGRESS",
            "creation_date": "15/12/2025 00:00:00",
            "transaction_id": "df1951e68a5846c7b1c140bd7bc327fb",
            "source": "openpay"
        },
        {
            "amount": 4700,
            "transaction_type": "transferencia",
            "status": "DECLINED",
            "creation_date": "15/12/2025 00:00:00",
            "transaction_id": "6fc7f79be9a244e2b876350633b3cf34",
            "source": "openpay"
        },
        {
            "amount": 2588,
            "transaction_type": "transferencia",
            "status": "COMPLETED",
            "creation_date": "15/12/2025 00:00:00",
            "transaction_id": "a1fead53109547f78270eeae380164f2",
            "source": "openpay"
        },
        {
            "amount": 2963,
            "transaction_type": "aplicacion",
            "status": "IN-PROGRESS",
            "creation_date": "15/12/2025 00:00:00",
            "transaction_id": "f276c8bc44df491d92b3a6c08825fdc1",
            "source": "conekta"
        }
    ],
    "180-63-3303": [
        {
            "amount": 4251,
            "transaction_type": "aplicacion",
            "status": "COMPLETED",
            "creation_date": "15/12/2025 00:00:00",
            "transaction_id": "e9bbfa9950c64c16bc1eacd1d7384cdc",
            "source": "mercado-pago"
        },
        {
            "amount": 3166,
            "transaction_type": "transferencia",
            "status": "COMPLETED",
            "creation_date": "15/12/2025 00:00:00",
            "transaction_id": "f64791bd079f47928b4bd3d317c537da",
            "source": "openpay"
        },
        {
            "amount": 6108,
            "transaction_type": "aplicacion",
            "status": "DECLINED",
            "creation_date": "15/12/2025 00:00:00",
            "transaction_id": "cd26b7fbe824485883e07049ab12b72f",
            "source": "paypal"
        },
        {
            "amount": 5868,
            "transaction_type": "transferencia",
            "status": "PENDING",
            "creation_date": "15/12/2025 00:00:00",
            "transaction_id": "e2b3b28b915d408bab091e3a40dca2ff",
            "source": "mercado-pago"
        },
        {
            "amount": 2634,
            "transaction_type": "aplicacion",
            "status": "DECLINED",
            "creation_date": "15/12/2025 00:00:00",
            "transaction_id": "8a80918b338c43b481fd81cac51eecaf",
            "source": "openpay"
        }
    ]
}
